INSERT loginuser(accountId, password)values("111@elife.com","000001");
INSERT loginuser(accountId, password)values("222@elife.com","000002");
INSERT loginuser(accountId, password)values("333@elife.com","000003");


insert into nationality(nationalityCd,nationalityName)  values ("001","中国");
insert into nationality(nationalityCd,nationalityName)  values ("002","日本");
insert into nationality(nationalityCd,nationalityName)  values ("003","アメリカ");
insert into nationality(nationalityCd,nationalityName)  values ("004","カナダ");
insert into nationality(nationalityCd,nationalityName)  values ("005","イギリス");

INSERT INTO gender (genderCd,genderName) VALUES('01','女性');
INSERT INTO gender (genderCd,genderName) VALUES('02','男性');
INSERT INTO gender (genderCd,genderName) VALUES('03','不明');

insert into empdata(empCd,name,birthday,nationalityCd,genderCd)  values ("100011","山田もも","1990-09-09","001","02");
insert into empdata(empCd,name,birthday,nationalityCd,genderCd)  values ("100012","上田太郎","1993-09-06","001","01");
insert into empdata(empCd,name,birthday,nationalityCd,genderCd)  values ("100013","高橋梨","1990-05-09","002","02");
insert into empdata(empCd,name,birthday,nationalityCd,genderCd)  values ("100014","高橋アリア","1992-09-09","002","01");
insert into empdata(empCd,name,birthday,nationalityCd,genderCd)  values ("100015","山田ユリ","1990-04-09","001","02");
insert into empdata(empCd,name,birthday,nationalityCd,genderCd)  values ("100016","五反田二","1992-09-11","004","02");
insert into empdata(empCd,name,birthday,nationalityCd,genderCd)  values ("100017","臼杵一","1991-09-09","001","02");
insert into empdata(empCd,name,birthday,nationalityCd,genderCd)  values ("100018","坂本剣","1991-09-04","003","01");
insert into empdata(empCd,name,birthday,nationalityCd,genderCd)  values ("100019","坂本健一","1990-09-09","002","01");
insert into empdata(empCd,name,birthday,nationalityCd,genderCd)  values ("100020","山本孝之","1990-03-09","003","01");
insert into empdata(empCd,name,birthday,nationalityCd,genderCd)  values ("100021","上野もも","1990-09-07","001","02");
insert into empdata(empCd,name,birthday,nationalityCd,genderCd)  values ("100022","山田奈々","1990-09-08","003","02");
insert into empdata(empCd,name,birthday,nationalityCd,genderCd)  values ("100023","山田健一","1990-07-04","002","01");
insert into empdata(empCd,name,birthday,nationalityCd,genderCd)  values ("100024","鈴木勝田","1992-09-09","001","02");
insert into empdata(empCd,name,birthday,nationalityCd,genderCd)  values ("100025","山田奈々","1990-09-08","003","02");
insert into empdata(empCd,name,birthday,nationalityCd,genderCd)  values ("100026","山田健一","1990-07-04","002","01");
insert into empdata(empCd,name,birthday,nationalityCd,genderCd)  values ("100027","Lily","1992-09-09","001","02");
insert into empdata(empCd,name,birthday,nationalityCd,genderCd)  values ("100028","Joy","1990-09-08","003","02");
insert into empdata(empCd,name,birthday,nationalityCd,genderCd)  values ("100029","綾瀬はるか","1992-09-09","001","02");
insert into empdata(empCd,name,birthday,nationalityCd,genderCd)  values ("100030","石原里美","1990-09-08","003","02");